<?xml version="1.0"?>
<document url="http://castor.exolab.org/library.xml">
  <body>
    <title>Library</title>
    <header>
    <ul>
      <li><a href="http://www.w3.org/XML/">Extensible Markup Language (XML) at the W3C</a></li>
      <li><a href="http://www.w3.org/TR/xmlschema-1/">XML Schema Part 1: Structures at the W3C</a></li>
      <li><a href="http://www.w3.org/TR/xmlschema-2/">XML Schema Part 2: Datatypes at the W3C</a></li>
      <li><a href="http://java.sun.com/aboutJava/communityprocess/jsr/jsr_031_xmld.html">JSR-000031
        XML Data Binding Specification at java.sun.com</a></li>
      <li><a href="http://java.sun.com/aboutJava/communityprocess/jsr/jsr_012_dataobj.html">JSR-000012
        Java Data Objects Specification</a></li>
      <li><a href="http://java.sun.com/products/jdbc">JDBC 2.0 and standard extensions</a></li>
      <li><a href="http://www.mozilla.org/directory">The Mozilla Directory SDK</a></li>
      <li><a href="./SourceGeneratorUser.pdf">The Source Generator User documentation</a></li>
      <li><a href="./CTFdoc.pdf">Castor Testing Framework User Document(PDF)</a></li>
      <li><a href="./ExolabJavaConventions.pdf">The Exolab guidelines for Java developers</a></li>
      <li><a href="ftp://kalamazoolinux.org/pub/pdf/ldapv3.pdf">LDAP and OpenLDAP on the linux platform</a></li>
    </ul>
    </header>
  </body>
</document>
